RF,Expected_Value_1,Expected_Value_2,Expected_Value_3
0.045,0.13173837149640583,0.1407231647197391,0.12321861151278954
