Asset1,Asset2,Asset3
0.04110186764101551,0.04082346371914055,0.03335822273117399
0.04082346371914055,0.05005795749269731,0.0368136338527664
0.033358222731173996,0.0368136338527664,0.033424062365843374
