weight1,weight2,weight3
0.31577678326434233,0.26269692002345074,0.42152629671220704
