Underlying,Strike,IV,TTM,RF,DivRate
105.82573154841727,108.04842326064873,0.15,154,0.045,0.04852103406398898
